chat_id,title,username,chat_type,status,mysql_message_count,text_message_count,vector_count,last_error,owner_note,last_learned_at
"-1002087261595","TRẠM Crypto | Channel","tramcrypto","channel","learned","1032","1032","906","","","2026-07-24T16:27:46Z"
"-1001854956907","SeaFi Global","seafi_global","supergroup","learned","1002","1001","976","","","2026-07-24T16:40:02Z"
"-1001227549557","J2TEAM Community Chat","","supergroup","learned","1705","1705","1516","","","2026-07-24T16:56:38Z"
"-1001345645558","Upside - Chat","Coin98Insights_Chat","supergroup","learned","1025","1025","781","","","2026-07-24T16:41:40Z"
"-1001099505434","Hacker News","hackernewslive","channel","learned","1073","1073","1051","","","2026-07-24T16:59:26Z"
"-1001260161873","Binance Futures Liquidations","BinanceLiquidations","channel","learned","1627","1625","1384","","","2026-07-24T16:50:59Z"
"-1001242127973","LobsterDAO 🦞","lobsters_chat","supergroup","learned","1122","1122","1115","","","2026-07-24T16:50:32Z"
"-1001192349134","Phốt Việt Nam - Thời sự 24/7🎗","photvietnam","channel","learned","1014","1011","630","","","2026-07-24T16:43:56Z"
"-1002400644325","Daily CFA Level 1 MCQ 2025","CFAlevel1MCQ2025","channel","learned","1004","1004","988","","","2026-07-24T16:35:53Z"
"-1001420702892","Trade Coin Chiến Lược","TradeCoinChienLuoc","channel","learned","1019","1019","796","","","2026-07-24T16:57:04Z"
"-1001419836939","Saros - Chat","SarosFinance","supergroup","learned","1014","1014","973","","","2026-07-24T17:02:21Z"
"-1002061763654","SD Capital (Full Signal)","","supergroup","learned","1323","1321","1211","","","2026-07-24T16:29:03Z"
"-1001534510848","Nhật Hoài Trader Channel","bobvolmanchannel","channel","learned","1007","980","921","","","2026-07-24T16:20:15Z"
"-1001352189631","Render Network Unofficial Chat | $RENDER","RenderNetworkUnofficial","supergroup","learned","1014","1013","954","","","2026-07-24T16:55:52Z"
"-1001562170071","Coffee Crypto Official","CoffeeCryptooo","channel","learned","1008","1007","845","","","2026-07-24T16:32:49Z"
"-1001376587105","5 Phút Crypto | Channel","Fivemincryptoann","channel","learned","1011","1011","1002","","","2026-07-24T17:03:36Z"
"-1001440023710","📊 CryptoNews 24/7 Real-Time Updates","kpbtcsignal","channel","learned","1025","1025","1014","","","2026-07-24T16:58:15Z"
"-1001217702004","🧧 Rose Premium Signal 🌹","RoseSignalsPremium","channel","learned","1034","1034","907","","","2026-07-24T16:55:33Z"
"-1001853296156","Airdrop & Retroactive Việt Nam","RetroactiveVietNam","channel","learned","1010","987","895","","","2026-07-24T16:26:12Z"
"-1001170097705","ThuanCapital","ThuanCapital","channel","learned","1020","1019","957","","","2026-07-24T17:01:06Z"
"-1002516665529","Hội cựu chiến binh C-sủi","","supergroup","learned","1110","1110","960","","","2026-07-24T16:23:07Z"
"-1001300523532","Coin68","coin68","channel","learned","1006","1006","1004","","","2026-07-24T16:53:21Z"
"-1001408100925","HTP96 Academy 🌀","htp96_community","channel","learned","1002","990","893","","","2026-07-24T17:02:02Z"
"-1001540375365","🌎 Ancient8 | Chat","ancient8_gg","supergroup","learned","1073","1073","1074","","","2026-07-24T16:32:01Z"
"-1001736253760","Hyperliquid Announcements","hyperliquid_announcements","channel","learned","569","568","557","","","2026-07-24T16:38:24Z"
"-1001549213512","Cody CMP Channel","codycmp","channel","learned","1003","1003","743","","","2026-07-24T16:22:15Z"
"-1001206212318","Rich Kid Trading","Richkidtradings","channel","learned","1009","1004","809","","","2026-07-24T16:58:35Z"
"-1001357958586","Kênh thông báo Bybit","BybitVietnamese_News","channel","learned","1001","988","969","","","2026-07-24T16:45:27Z"
"-1001285942150","HC Tradecoin | Channel","hctradecoin_channel","channel","learned","1003","998","953","","","2026-07-24T16:46:52Z"
"-1001279597711","方程式新闻 BWEnews","BWEnews","channel","learned","1005","1005","1003","","","2026-07-24T16:53:50Z"
"-1004415380168","Job(s) Finished 🎯 💯 🚩 👌","","supergroup","learned","1011","1011","892","","","2026-07-24T16:18:42Z"
"-1002051944598","Bad-min-ton 🏸 (ex Dapp.exe 🚲 & Bóng dưa chuột 🏏)","","supergroup","learned","1004","1002","736","","","2026-07-24T16:35:25Z"
"-1001127985395","Rose 🌹","","channel","learned","1002","1002","955","","","2026-07-24T16:45:04Z"
"-1001928309549","Boom Community","BoomCommunity_Official","supergroup","learned","1003","1003","1001","","","2026-07-24T16:31:10Z"
"-1001146915409","Binance Announcements","binance_announcements","channel","learned","1002","1002","761","","","2026-07-24T16:52:36Z"
"-1001218503904","Upside","Coin98Insights","channel","learned","1001","1001","826","","","2026-07-24T16:44:28Z"
"-1001550439264","VN Back Alpha | Onchain","Vnback_Onchain","channel","learned","1002","996","849","","","2026-07-24T16:24:30Z"
"-1001163793012","TradeCoinVN | News","vietnamtradecoinchannel","channel","learned","1006","997","900","","","2026-07-24T17:02:43Z"
"-1001917135612","Trung cấp nghề trade Coin68","","supergroup","learned","1000","999","925","","","2026-07-24T16:38:08Z"
"-675522623","Superteam <> Coin68","","group","learned","741","729","686","","","2026-07-24T16:47:16Z"
"-1002395430174","Đám cưới Jenny Trí Phan","","supergroup","learned","1000","995","807","","","2026-07-24T16:13:50Z"
"-510669328","MEXC - Coin68","","group","learned","674","670","639","","","2026-07-24T17:01:20Z"
"-1002444417368","Meow Meow (Group giao task)","","supergroup","learned","1000","995","914","","","2026-07-24T16:15:40Z"
"-1002374756331","HashKey Việt Nam🇻🇳","HashKey_VietNam_chat","supergroup","learned","1000","995","899","","","2026-07-24T16:16:33Z"
"-1001678048545","Trường trung cấp nghề Trade Coin68","","channel","learned","1000","994","908","","","2026-07-24T16:34:46Z"
"-5008101388","Rạp chiếu L6","","group","learned","1000","1000","796","","","2026-07-24T16:57:54Z"
"-1002095911489","itscorrekt","itscorrekt","channel","learned","1000","937","656","","","2026-07-24T16:30:18Z"
"-1002039438207","Blum: All Crypto – One App","blumcrypto","channel","learned","1000","958","890","","","2026-07-24T16:21:12Z"
"-1002349229033","GMVN2025 - Speakership - 0G Labs","","supergroup","learned","66","54","53","","","2026-07-24T16:35:31Z"
"-1001268639837","J2TEAM Community","j2team_community_news","channel","learned","1000","996","892","","","2026-07-24T16:55:14Z"