chat_id,ten_nguon,loai,username,trang_thai,ly_do,tin_mysql,tin_co_noi_dung,embedding_gan_nhat,can_hoc,ghi_chu
'-1002135086290,[ALFA] Pirate Clash Guilds,supergroup,,Chưa học,Nguồn chưa được chọn vào flow học.,0,0,0,,
'-839265733,[Web3 Matching] - Team Chạy Event,group,,Chưa học,Nguồn chưa được chọn vào flow học.,0,0,0,,
'-1001735773747,🇺🇸 Ancient8 | Channel,channel,'@ancient8ann_EN,Chưa học,Nguồn chưa được chọn vào flow học.,0,0,0,,
'-1001529031822,🇺🇸 Ancient8 | Chat,supergroup,'@ancient8chat_EN,Đã học,Đã có nội dung trong kho kiến thức hợp nhất.,884,853,702,,
'-1001208876489,🌎 Ancient8 | Channel,channel,'@ancient8_ann,Chưa học,Nguồn chưa được chọn vào flow học.,0,0,0,,
'-1001540375365,🌎 Ancient8 | Chat,supergroup,'@ancient8_gg,Đã học,Đã có nội dung trong kho kiến thức hợp nhất.,1073,1073,1000,,
'-1001440023710,📊 CryptoNews 24/7 Real-Time Updates,channel,'@kpbtcsignal,Đã học,Đã có nội dung trong kho kiến thức hợp nhất.,1026,1026,994,,
'-1001376587105,5 Phút Crypto | Channel,channel,'@Fivemincryptoann,Đã học,Đã có nội dung trong kho kiến thức hợp nhất.,1011,1011,994,,
'-735232785,68 e dóp,group,,Chưa học,Nguồn chưa được chọn vào flow học.,0,0,0,,
'-806661590,68 Private Group,group,,Chưa học,Nguồn chưa được chọn vào flow học.,0,0,0,,
'-892143851,68 Research Signal,group,,Chưa học,Nguồn chưa được chọn vào flow học.,0,0,0,,
'-1002247863182,68 Trading & Seapad,supergroup,,Chưa học,Nguồn chưa được chọn vào flow học.,0,0,0,,
'-4185012332,68 Trading & Seapad,group,,Chưa học,Nguồn chưa được chọn vào flow học.,0,0,0,,
'-4029915915,68 Trading <> CoinW,group,,Chưa học,Nguồn chưa được chọn vào flow học.,0,0,0,,
'-1001417604302,68KV Research Diary,channel,,Chưa học,Nguồn chưa được chọn vào flow học.,0,0,0,,
'-4285057566,68T AIRDROP TỔNG HỢP,group,,Chưa học,Nguồn chưa được chọn vào flow học.,0,0,0,,
'-1001930192988,68T Capital Airdrop Group,supergroup,,Chưa học,Nguồn chưa được chọn vào flow học.,0,0,0,,
'-892773607,68T Capital Airdrop Group,group,,Chưa học,Nguồn chưa được chọn vào flow học.,0,0,0,,
'-1001922089638,68T Fund Project,channel,,Chưa học,Nguồn chưa được chọn vào flow học.,0,0,0,,
'-4238265610,68TRADING & BYBIT AID 85910,group,,Chưa học,Nguồn chưa được chọn vào flow học.,0,0,0,,
'-1001992337397,68Trading & Spores,supergroup,,Chưa học,Nguồn chưa được chọn vào flow học.,0,0,0,,
'-767134249,68trading Content,group,,Chưa học,Nguồn chưa được chọn vào flow học.,0,0,0,,
'-1001698114338,68trading gangz,supergroup,,Đã học,Đã có nội dung trong kho kiến thức hợp nhất.,1000,998,958,,
'-752237857,68trading gangz,group,,Chưa học,Nguồn chưa được chọn vào flow học.,0,0,0,,
'-1001875525730,68trading Gangz V2,supergroup,,Chưa học,Nguồn chưa được chọn vào flow học.,0,0,0,,
'-1002284492904,A8 Builder Jam (Hackathon),supergroup,,Chưa học,Nguồn chưa được chọn vào flow học.,0,0,0,,
'-1002456549543,A8 Builder Jam | Media Partners,supergroup,,Chưa học,Nguồn chưa được chọn vào flow học.,0,0,0,,
'-4525008149,A8 Builder Jam | Media Partners,group,,Chưa học,Nguồn chưa được chọn vào flow học.,0,0,0,,
'-518417172,A8 Discord Content,group,,Chưa học,Nguồn chưa được chọn vào flow học.,0,0,0,,
'-1001289653414,Acala Official Announcement,channel,'@AcalaOfficialAnn,Chưa học,Nguồn chưa được chọn vào flow học.,0,0,0,,
'-1001853296156,Airdrop & Retroactive Việt Nam,channel,'@RetroactiveVietNam,Đã học,Đã có nội dung trong kho kiến thức hợp nhất.,1010,987,889,,
'-1002387027694,ALL HANDS GMVN (SSID X KYROS),supergroup,,Chưa học,Nguồn chưa được chọn vào flow học.,0,0,0,,
'-1002172440770,ALL THINGS SPEAKERSHIP GM 2024,supergroup,,Chưa học,Nguồn chưa được chọn vào flow học.,0,0,0,,
'-4083419773,ALL THINGS SPEAKERSHIP GM 2024,group,,Chưa học,Nguồn chưa được chọn vào flow học.,0,0,0,,
'-1002542009258,Ăn cùng Brian,channel,,Chưa học,Nguồn chưa được chọn vào flow học.,0,0,0,,
'-1002433328361,Ancient8 Builder Jam,supergroup,,Đã học,Đã có nội dung trong kho kiến thức hợp nhất.,471,394,385,,
'-1002368268810,Ancient8 Builder Jam - Channel,channel,'@a8builderjam,Chưa học,Nguồn chưa được chọn vào flow học.,0,0,0,,
'-1001643869474,Ancient8 Lounge,supergroup,,Chưa học,Nguồn chưa được chọn vào flow học.,0,0,0,,
'-1001791859684,AntiAntiNFTs Club - Channel 🪬,channel,,Đã học,Đã có nội dung trong kho kiến thức hợp nhất.,1000,991,938,,
'-1002022048823,Asia Market Report,supergroup,,Chưa học,Nguồn chưa được chọn vào flow học.,0,0,0,,
'-1002051944598,Bad-min-ton 🏸 (ex Dapp.exe 🚲 & Bóng dưa chuột 🏏),supergroup,,Đã học,Đã có nội dung trong kho kiến thức hợp nhất.,1004,1002,735,,
'-1001623123463,Binance AMA <> 68 Trading,supergroup,,Chưa học,Nguồn chưa được chọn vào flow học.,0,0,0,,
'-819386170,Binance AMA <> 68 Trading,group,,Chưa học,Nguồn chưa được chọn vào flow học.,0,0,0,,
'-1001146915409,Binance Announcements,channel,'@binance_announcements,Đã học,Đã có nội dung trong kho kiến thức hợp nhất.,1003,1003,759,,
'-1001260161873,Binance Futures Liquidations,channel,'@BinanceLiquidations,Đã học,Đã có nội dung trong kho kiến thức hợp nhất.,1639,1637,1000,,
'-1002215700757,Binance Moonbix Announcements,channel,'@Binance_Moonbix_Announcements,Chưa học,Nguồn chưa được chọn vào flow học.,0,0,0,,
'-1002018049263,Bitlayer<>KOLVietnam,supergroup,,Đã học,Đã có nội dung trong kho kiến thức hợp nhất.,1000,995,863,,
'-1001990435894,BlockSec <> GM VIETNAM,supergroup,,Chưa học,Nguồn chưa được chọn vào flow học.,0,0,0,,
'-1002039438207,Blum: All Crypto – One App,channel,'@blumcrypto,Đã học,Đã có nội dung trong kho kiến thức hợp nhất.,1000,958,890,,
'-1001928309549,Boom Community,supergroup,'@BoomCommunity_Official,Đã học,Đã có nội dung trong kho kiến thức hợp nhất.,1007,1007,997,,
'-1001831154382,Bot C68 Project,supergroup,,Chưa học,Nguồn chưa được chọn vào flow học.,0,0,0,,
'-800217170,Bot C68 Project,group,,Chưa học,Nguồn chưa được chọn vào flow học.,0,0,0,,
'-1001733799925,Brian Daily Trader,channel,,Chưa học,Nguồn chưa được chọn vào flow học.,0,0,0,,
'-1001724211352,Brian DoMarr | Kyros Ventures,channel,,Chưa học,Nguồn chưa được chọn vào flow học.,0,0,0,,
'-1002331322961,Buidlpad Official,channel,'@BuidlPad,Đã học,Đã có nội dung trong kho kiến thức hợp nhất.,140,135,131,,
'-4692506935,C98 Customer Service,group,,Chưa học,Nguồn chưa được chọn vào flow học.,0,0,0,,
'-1001367560666,Channel Phố Tài Chính,channel,'@FinancialStreetVN,Đã học,Đã có nội dung trong kho kiến thức hợp nhất.,1000,999,939,,
'-1002096690428,Chat ID,channel,'@ChatIDBots,Chưa học,Nguồn chưa được chọn vào flow học.,0,0,0,,
'-4229334996,CHECKIN SQUAT - GM VIETNAM 7-8 JUNE,group,,Chưa học,Nguồn chưa được chọn vào flow học.,0,0,0,,
'-1001549213512,Cody CMP Channel,channel,'@codycmp,Đã học,Đã có nội dung trong kho kiến thức hợp nhất.,1003,1003,740,,
'-1001413521149,Coffee Crypto Note,channel,'@coffeecryptonote,Chưa học,Nguồn chưa được chọn vào flow học.,0,0,0,,
'-1001562170071,Coffee Crypto Official,channel,'@CoffeeCryptooo,Đã học,Đã có nội dung trong kho kiến thức hợp nhất.,1010,1009,840,,
'-1001300523532,Coin68,channel,'@coin68,Đã học,Đã có nội dung trong kho kiến thức hợp nhất.,1008,1008,998,,
'-4999935968,Coin68 <> OKX,group,,Đã học,Đã có nội dung trong kho kiến thức hợp nhất.,6,4,4,,
'-910948083,Coin68 <> Tammy (Bitfinex),group,,Chưa học,Nguồn chưa được chọn vào flow học.,0,0,0,,
'-1002114595455,Coin68 Chung,supergroup,,Đã học,Đã có nội dung trong kho kiến thức hợp nhất.,1000,999,724,,
'-505122687,Coin68 Chung,group,,Chưa học,Nguồn chưa được chọn vào flow học.,0,0,0,,
'-4026035022,Coin68 community <> BingX,group,,Chưa học,Nguồn chưa được chọn vào flow học.,0,0,0,,
'-1001293287064,Coin68 Community | Channel,channel,'@Channel_68Trading,Đã học,Đã có nội dung trong kho kiến thức hợp nhất.,1000,988,902,,
'-1001315055119,Coin68 Community | Chat,supergroup,'@Group_68Trading,Đã học,Đã có nội dung trong kho kiến thức hợp nhất.,2002,2000,909,,
'-841652305,Coin68 Courses,group,,Chưa học,Nguồn chưa được chọn vào flow học.,0,0,0,,
'-1001781895370,Coin68 Crypto Choice Awards 2021,supergroup,,Chưa học,Nguồn chưa được chọn vào flow học.,0,0,0,,
'-566399209,Coin68 Crypto Choice Awards 2021,group,,Chưa học,Nguồn chưa được chọn vào flow học.,0,0,0,,
'-4831445583,Coin68 Curse 💀,group,,Chưa học,Nguồn chưa được chọn vào flow học.,0,0,0,,
'-1001993373224,Coin68 Design,supergroup,,Chưa học,Nguồn chưa được chọn vào flow học.,0,0,0,,
'-753525367,Coin68 Design,group,,Chưa học,Nguồn chưa được chọn vào flow học.,0,0,0,,
'-1002637289078,Coin68 Flash News ⚡️,channel,'@coin68_flash_news,Chưa học,Nguồn chưa được chọn vào flow học.,0,0,0,,
'-4783305941,Coin68 Giveaway,group,,Chưa học,Nguồn chưa được chọn vào flow học.,0,0,0,,
'-1001365452483,Coin68 SEO,supergroup,,Chưa học,Nguồn chưa được chọn vào flow học.,0,0,0,,
'-1001130118725,Coin68 SEO,supergroup,,Đã học,Đã có nội dung trong kho kiến thức hợp nhất.,1000,999,969,,
'-1001191603507,Coin68 TV,channel,'@coin68tv,Chưa học,Nguồn chưa được chọn vào flow học.,0,0,0,,
'-4954229695,Coin68 x GemX,group,,Chưa học,Nguồn chưa được chọn vào flow học.,0,0,0,,
'-4065440017,Coin68/68 Trading <> Bitget,group,,Chưa học,Nguồn chưa được chọn vào flow học.,0,0,0,,
'-4063888201,Coin68/68 Trading <> OKX,group,,Chưa học,Nguồn chưa được chọn vào flow học.,0,0,0,,
'-799327670,Coin68/68 Trading <> Phemex,group,,Chưa học,Nguồn chưa được chọn vào flow học.,0,0,0,,
'-1001524378486,CoinSi𝕏,channel,'@coinsixtyeight,Đã học,Đã có nội dung trong kho kiến thức hợp nhất.,1000,1000,881,,
'-4873464684,Community Plan,group,,Chưa học,Nguồn chưa được chọn vào flow học.,0,0,0,,
'-4260912359,CREW CHẠY EVENT GM,group,,Chưa học,Nguồn chưa được chọn vào flow học.,0,0,0,,
'-1001919275614,Cryptō 101 🇻🇳,supergroup,,Chưa học,Nguồn chưa được chọn vào flow học.,0,0,0,,
'-317120111,Crypto Futbol,group,,Chưa học,Nguồn chưa được chọn vào flow học.,0,0,0,,
'-1001335511922,CyBall Việt Nam Community,supergroup,'@CyBallVN,Đã học,Đã có nội dung trong kho kiến thức hợp nhất.,1000,984,900,,
'-1001753022161,Đá banh Saigon Crypto,supergroup,,Chưa học,Nguồn chưa được chọn vào flow học.,0,0,0,,
'-731461380,Đá banh Saigon Crypto,group,,Chưa học,Nguồn chưa được chọn vào flow học.,0,0,0,,
'-1002400644325,Daily CFA Level 1 MCQ 2025,channel,'@CFAlevel1MCQ2025,Đã học,Đã có nội dung trong kho kiến thức hợp nhất.,1004,1004,985,,
'-4257204602,Daily84 Web Design,group,,Chưa học,Nguồn chưa được chọn vào flow học.,0,0,0,,
'-1002395430174,Đám cưới Jenny Trí Phan,supergroup,,Đã học,Đã có nội dung trong kho kiến thức hợp nhất.,1000,995,807,,
'-4641408427,Đám cưới Jenny Trí Phan,group,,Chưa học,Nguồn chưa được chọn vào flow học.,0,0,0,,
'-1002225782456,DAWN,supergroup,'@dawninternet,Chưa học,Nguồn chưa được chọn vào flow học.,0,0,0,,
'-1002592926147,DeAgent AI x KOLs x Partners,supergroup,,Chưa học,Nguồn chưa được chọn vào flow học.,0,0,0,,
'-1001264688398,DefiLlama Official Round Up,channel,'@defillama_tg,Đã học,Đã có nội dung trong kho kiến thức hợp nhất.,1000,995,946,,
'-955399456,Design GM Vietnam - anh Danh,group,,Chưa học,Nguồn chưa được chọn vào flow học.,0,0,0,,
'-1001613478627,Dezos Insights,channel,'@DezosInsights,Chưa học,Nguồn chưa được chọn vào flow học.,0,0,0,,
'-1002053018583,ĐI HÀ NỘI - CREW CHẠY EVENT GM,supergroup,,Chưa học,Nguồn chưa được chọn vào flow học.,0,0,0,,
'-1002030292245,ĐL 26-28/1 | Coin68,supergroup,,Chưa học,Nguồn chưa được chọn vào flow học.,0,0,0,,
'-4009511244,ĐL 26-28/1 | Coin68,group,,Chưa học,Nguồn chưa được chọn vào flow học.,0,0,0,,
'-1002173900823,DOGS Community,channel,,Đã học,Đã có nội dung trong kho kiến thức hợp nhất.,625,619,515,,
'-1001653019173,DoMarr Insight,channel,'@DoMarrInsight,Chưa học,Nguồn chưa được chọn vào flow học.,0,0,0,,
'-1001733557700,DoMarr Insight Chat,supergroup,,Chưa học,Nguồn chưa được chọn vào flow học.,0,0,0,,
'-4972780186,Draft X,group,,Chưa học,Nguồn chưa được chọn vào flow học.,0,0,0,,
'-1002385534327,Đu Càng Hội 🚁🚁🚁,supergroup,,Đã học,Đã có nội dung trong kho kiến thức hợp nhất.,1000,1000,932,,
'-1001334590917,Dvision Network Announcements,channel,'@dvision_network,Chưa học,Nguồn chưa được chọn vào flow học.,0,0,0,,
'-1001503405914,Evrynet Vietnam,supergroup,'@evryvietnam,Chưa học,Nguồn chưa được chọn vào flow học.,0,0,0,,
'-781803017,Ex Coin68 KOL,group,,Chưa học,Nguồn chưa được chọn vào flow học.,0,0,0,,
'-1001702820372,faf,channel,,Chưa học,Nguồn chưa được chọn vào flow học.,0,0,0,,
'-1002756797319,Fliks Squad,supergroup,,Đã học,Đã có nội dung trong kho kiến thức hợp nhất.,492,480,451,,
'-4883750074,Fliks Squad,group,,Chưa học,Nguồn chưa được chọn vào flow học.,0,0,0,,
'-1003182350470,Fogo,supergroup,,Chưa học,Nguồn chưa được chọn vào flow học.,0,0,0,,
'-4970130725,Fogo,group,,Chưa học,Nguồn chưa được chọn vào flow học.,0,0,0,,
'-1001336188890,Fomo Sapiens,channel,'@Channel_fomosapiens,Chưa học,Nguồn chưa được chọn vào flow học.,0,0,0,,
'-1001279471421,Fomo Sapiens Group,supergroup,'@group_fomosapiens,Đã học,Đã có nội dung trong kho kiến thức hợp nhất.,1000,1000,956,,
'-1001457836417,Future Channel,channel,'@FutureChannelVN,Chưa học,Nguồn chưa được chọn vào flow học.,0,0,0,,
'-1001257986271,Future Network,supergroup,'@FutureNetworkVN,Đã học,Đã có nội dung trong kho kiến thức hợp nhất.,1000,1000,995,,
'-1001592005471,G63,supergroup,'@g63airdrop,Chưa học,Nguồn chưa được chọn vào flow học.,0,0,0,,
'-1001585779311,GameFi Boys and Girls (EVERYONE),supergroup,,Chưa học,Nguồn chưa được chọn vào flow học.,0,0,0,,
'-1002735321350,Geo the Bot test,supergroup,'@TestGeoBotG,Chưa học,Nguồn chưa được chọn vào flow học.,0,0,0,,
'-4901005371,GeoTheBot - V2 test,group,,Chưa học,Nguồn chưa được chọn vào flow học.,0,0,0,,
'-1001445512065,GFI Research Channel,channel,'@gfi_research_Channel,Đã học,Đã có nội dung trong kho kiến thức hợp nhất.,1001,994,864,,
'-1001934771828,GM - Checkin Crew,supergroup,,Chưa học,Nguồn chưa được chọn vào flow học.,0,0,0,,
'-801799101,GM - Checkin Crew,group,,Chưa học,Nguồn chưa được chọn vào flow học.,0,0,0,,
'-4107705169,GM 25 MERCH - FOYER,group,,Chưa học,Nguồn chưa được chọn vào flow học.,0,0,0,,
'-1001817927190,GM Vietnam - Chạy Event crew,supergroup,,Chưa học,Nguồn chưa được chọn vào flow học.,0,0,0,,
'-953176731,GM Vietnam - Chạy Event crew,group,,Chưa học,Nguồn chưa được chọn vào flow học.,0,0,0,,
'-1002136347451,GM Vietnam - Marketing & Content team,supergroup,,Chưa học,Nguồn chưa được chọn vào flow học.,0,0,0,,
'-944503538,GM Vietnam - Marketing & Content team,group,,Chưa học,Nguồn chưa được chọn vào flow học.,0,0,0,,
'-1002000533450,GM Vietnam 2024 - Media Partners,supergroup,,Đã học,Đã có nội dung trong kho kiến thức hợp nhất.,851,707,618,,
'-1001812862799,GM Vietnam Friends,supergroup,,Chưa học,Nguồn chưa được chọn vào flow học.,0,0,0,,
'-4716653959,GM x Republic,group,,Chưa học,Nguồn chưa được chọn vào flow học.,0,0,0,,
'-4194839756,GMVN - Ticket Sub,group,,Chưa học,Nguồn chưa được chọn vào flow học.,0,0,0,,
'-4871310579,GMVN <> Pudgy Penguins,group,,Chưa học,Nguồn chưa được chọn vào flow học.,0,0,0,,
'-1002076362445,GMVN 2024: LayerEdge <> ALEX,supergroup,,Chưa học,Nguồn chưa được chọn vào flow học.,0,0,0,,
'-1002270785636,GMVN 2025 - Speakership - Orochi,supergroup,,Chưa học,Nguồn chưa được chọn vào flow học.,0,0,0,,
'-4751326525,GMVN 2025 - Speakership - SSV.NETWORK,group,,Chưa học,Nguồn chưa được chọn vào flow học.,0,0,0,,
'-4980640428,GMVN adapt các loại,group,,Chưa học,Nguồn chưa được chọn vào flow học.,0,0,0,,
'-1002020626683,GMVN Content,supergroup,,Chưa học,Nguồn chưa được chọn vào flow học.,0,0,0,,
'-4128176177,GMVN Content,group,,Chưa học,Nguồn chưa được chọn vào flow học.,0,0,0,,
'-4272279247,GMVN2024: Side Event Co-host,group,,Chưa học,Nguồn chưa được chọn vào flow học.,0,0,0,,
'-1002349229033,GMVN2025 - Speakership - 0G Labs,supergroup,,Đã học,Đã có nội dung trong kho kiến thức hợp nhất.,66,54,53,,
'-4640231103,GMVN2025 - Speakership - 0G Labs,group,,Chưa học,Nguồn chưa được chọn vào flow học.,0,0,0,,
'-4736426652,GMVN2025 - Speakership - Berachain,group,,Chưa học,Nguồn chưa được chọn vào flow học.,0,0,0,,
'-1002410765660,GMVN2025 - Speakership - Metis,supergroup,,Chưa học,Nguồn chưa được chọn vào flow học.,0,0,0,,
'-4734437559,GMVN2025 - Speakership - Movement,group,,Chưa học,Nguồn chưa được chọn vào flow học.,0,0,0,,
'-4961290568,GMVN2025 CHECKIN ONSITE,group,,Chưa học,Nguồn chưa được chọn vào flow học.,0,0,0,,
'-4556124494,Group bú kèo béo kù,group,,Chưa học,Nguồn chưa được chọn vào flow học.,0,0,0,,
'-1001099505434,Hacker News,channel,'@hackernewslive,Đã học,Đã có nội dung trong kho kiến thức hợp nhất.,1077,1077,999,,
'-1002374756331,HashKey Việt Nam🇻🇳,supergroup,'@HashKey_VietNam_chat,Đã học,Đã có nội dung trong kho kiến thức hợp nhất.,1000,995,899,,
'-1001285942150,HC Tradecoin | Channel,channel,'@hctradecoin_channel,Đã học,Đã có nội dung trong kho kiến thức hợp nhất.,1003,998,951,,
'-1002516665529,Hội cựu chiến binh C-sủi,supergroup,,Đã học,Đã có nội dung trong kho kiến thức hợp nhất.,1149,1149,869,,
'-1001736843031,Hooman of Kyros,channel,,Chưa học,Nguồn chưa được chọn vào flow học.,0,0,0,,
'-1001408100925,HTP96 Academy 🌀,channel,'@htp96_community,Đã học,Đã có nội dung trong kho kiến thức hợp nhất.,1003,991,892,,
'-1001736253760,Hyperliquid Announcements,channel,'@hyperliquid_announcements,Đã học,Đã có nội dung trong kho kiến thức hợp nhất.,569,568,556,,
'-4091256007,Ice blue mint task,group,,Chưa học,Nguồn chưa được chọn vào flow học.,0,0,0,,
'-1001380328653,infinityhedge,channel,'@infinityhedge,Đã học,Đã có nội dung trong kho kiến thức hợp nhất.,1000,998,991,,
'-1001405556051,Islander Official Announcements,channel,'@islander_official,Chưa học,Nguồn chưa được chọn vào flow học.,0,0,0,,
'-1002095911489,itscorrekt,channel,'@itscorrekt,Đã học,Đã có nội dung trong kho kiến thức hợp nhất.,1000,937,656,,
'-1001268639837,J2TEAM Community,channel,'@j2team_community_news,Đã học,Đã có nội dung trong kho kiến thức hợp nhất.,1000,996,892,,
'-1001227549557,J2TEAM Community Chat,supergroup,,Đã học,Đã có nội dung trong kho kiến thức hợp nhất.,1728,1728,936,,
'-1001821594233,Jason Blockchain | Global & Vietnam Crypto Insights Daily,channel,'@jasonblockchain,Đã học,Đã có nội dung trong kho kiến thức hợp nhất.,1001,988,872,,
'-1004415380168,Job(s) Finished 🎯 💯 🚩 👌,supergroup,,Đã học,Đã có nội dung trong kho kiến thức hợp nhất.,1011,1011,890,,
'-4161716729,Job(s) Finished 🎯 💯 🚩 👌,group,,Đã học,Đã có nội dung trong kho kiến thức hợp nhất.,1000,998,921,,
'-1001357958586,Kênh thông báo Bybit,channel,'@BybitVietnamese_News,Đã học,Đã có nội dung trong kho kiến thức hợp nhất.,1003,990,968,,
'-1001609351182,KlayCity Việt Nam🇻🇳,supergroup,'@KlayCityVn,Đã học,Đã có nội dung trong kho kiến thức hợp nhất.,1000,987,965,,
'-1001846248091,KOLs Aperture,supergroup,,Chưa học,Nguồn chưa được chọn vào flow học.,0,0,0,,
'-1001153808938,Konomi Network Announcement,channel,'@konominetworkchannel,Chưa học,Nguồn chưa được chọn vào flow học.,0,0,0,,
'-817081712,Kyros - Học tiếng Anh,group,,Chưa học,Nguồn chưa được chọn vào flow học.,0,0,0,,
'-1002456278884,Kyros Coin68 A8 Hồ Tràm Trip Gang,supergroup,,Chưa học,Nguồn chưa được chọn vào flow học.,0,0,0,,
'-1001115657056,Kyros Insights - Chat,supergroup,,Chưa học,Nguồn chưa được chọn vào flow học.,0,0,0,,
'-1001432795529,Kyros Insights - Crypto News & Research,channel,'@KyrosInsights,Chưa học,Nguồn chưa được chọn vào flow học.,0,0,0,,
'-1001987581856,Kyros Office Staff / chợ tốt,supergroup,,Đã học,Đã có nội dung trong kho kiến thức hợp nhất.,1000,985,799,,
'-453904479,Kyros Office Staff / chợ tốt,group,,Chưa học,Nguồn chưa được chọn vào flow học.,0,0,0,,
'-1001381234931,Kyros/Coin68 Lounge,supergroup,,Đã học,Đã có nội dung trong kho kiến thức hợp nhất.,1000,986,758,,
'-1001242127973,LobsterDAO 🦞,supergroup,'@lobsters_chat,Đã học,Đã có nội dung trong kho kiến thức hợp nhất.,1129,1129,990,,
'-721072290,Lớp học Tiếng Anh cùng Dung,group,,Chưa học,Nguồn chưa được chọn vào flow học.,0,0,0,,
'-4762943874,Lốp Việt 🛞🛞🛞,group,,Chưa học,Nguồn chưa được chọn vào flow học.,0,0,0,,
'-1002411627675,Mason boat,supergroup,,Chưa học,Nguồn chưa được chọn vào flow học.,0,0,0,,
'-1001620127403,Meme Coin Hunt,channel,'@ZenFiAINews,Chưa học,Nguồn chưa được chọn vào flow học.,0,0,0,,
'-1002444417368,Meow Meow (Group giao task),supergroup,,Đã học,Đã có nội dung trong kho kiến thức hợp nhất.,1000,995,914,,
'-510669328,MEXC - Coin68,group,,Đã học,Đã có nội dung trong kho kiến thức hợp nhất.,675,671,637,,
'-1002677926273,Mlm onchain,channel,'@mlmonchain,Đã học,Đã có nội dung trong kho kiến thức hợp nhất.,1001,999,949,,
'-1003731427206,MODOS - AI Creator Space - Chat,supergroup,'@modos_space_chat,Đã học,Đã có nội dung trong kho kiến thức hợp nhất.,149,82,75,,
'-1003697123170,My Agent Work,supergroup,,Không học được - không lấy được nội dung,"Không lấy được nội dung văn bản; có thể nguồn trống, không cho đọc lịch sử hoặc chỉ có media.",1,0,0,,
'-5271926837,My Agent Work,group,,Không học được - không lấy được nội dung,"Không lấy được nội dung văn bản; có thể nguồn trống, không cho đọc lịch sử hoặc chỉ có media.",2,0,0,,
'-1001744384211,Nghiện Cầu Lông - Kyros.x.A8,supergroup,,Chưa học,Nguồn chưa được chọn vào flow học.,0,0,0,,
'-578182512,Nghiện Cầu Lông - Kyros.x.A8,group,,Chưa học,Nguồn chưa được chọn vào flow học.,0,0,0,,
'-1001146896181,NGHIỀN TRADING CHANNEL🚀,channel,'@Nghientrading_channel,Đã học,Đã có nội dung trong kho kiến thức hợp nhất.,1000,1000,936,,
'-4723303827,Nha Trang đám cưới,group,,Chưa học,Nguồn chưa được chọn vào flow học.,0,0,0,,
'-1001534510848,Nhật Hoài Trader Channel,channel,'@bobvolmanchannel,Đã học,Đã có nội dung trong kho kiến thức hợp nhất.,1008,981,913,,
'-1002007141958,Notcoin Community,channel,,Đã học,Đã có nội dung trong kho kiến thức hợp nhất.,1000,979,794,,
'-1002509518966,NyanBUIDL | Channel,channel,'@NyanBUIDL,Chưa học,Nguồn chưa được chọn vào flow học.,0,0,0,,
'-1001593598012,Odyssland Announcement,channel,'@Odyssland_io,Chưa học,Nguồn chưa được chọn vào flow học.,0,0,0,,
'-817379850,Order SEO,group,,Chưa học,Nguồn chưa được chọn vào flow học.,0,0,0,,
'-1001157721769,PandaSwap presents PandaPunks Announcement,channel,'@pandaswapannouncement2021,Chưa học,Nguồn chưa được chọn vào flow học.,0,0,0,,
'-1001006503122,Pavel Durov,channel,,Đã học,Đã có nội dung trong kho kiến thức hợp nhất.,467,461,385,,
'-1001827440632,Phan Thiết Gang 2023,supergroup,,Chưa học,Nguồn chưa được chọn vào flow học.,0,0,0,,
'-852875270,Phan Thiết Gang 2023,group,,Chưa học,Nguồn chưa được chọn vào flow học.,0,0,0,,
'-1001192349134,Phốt Việt Nam - Thời sự 24/7🎗,channel,'@photvietnam,Đã học,Đã có nội dung trong kho kiến thức hợp nhất.,1014,1011,619,,
'-1001752635753,Phú Quốc Gang,supergroup,,Chưa học,Nguồn chưa được chọn vào flow học.,0,0,0,,
'-614749322,Phú Quốc Gang,group,,Chưa học,Nguồn chưa được chọn vào flow học.,0,0,0,,
'-1002147363862,PokeyQuest Portal,channel,'@PokeyQuestGame,Chưa học,Nguồn chưa được chọn vào flow học.,0,0,0,,
'-1001254447739,Polka.Warriors News & Research,channel,'@PolkaWarriorsANN,Chưa học,Nguồn chưa được chọn vào flow học.,0,0,0,,
'-1001339138166,Poseidon Insight,channel,'@poseidoninsight,Chưa học,Nguồn chưa được chọn vào flow học.,0,0,0,,
'-1002745461966,Pre-Dinner GMVN 2025,supergroup,,Chưa học,Nguồn chưa được chọn vào flow học.,0,0,0,,
'-1002435447974,Project A,supergroup,,Chưa học,Nguồn chưa được chọn vào flow học.,0,0,0,,
'-4673068087,Project A,group,,Chưa học,Nguồn chưa được chọn vào flow học.,0,0,0,,
'-4938564231,Quỹ Aptos 20M + Coin68 Course,group,,Chưa học,Nguồn chưa được chọn vào flow học.,0,0,0,,
'-5008101388,Rạp chiếu L6,group,,Đã học,Đã có nội dung trong kho kiến thức hợp nhất.,1000,1000,796,,
'-1001832895798,Readme Later,channel,'@ReadmelaterBrian,Chưa học,Nguồn chưa được chọn vào flow học.,0,0,0,,
'-1002949116660,REFUND.CASH REFUND FEE BETTER,channel,'@refundfee100,Đã học,Đã có nội dung trong kho kiến thức hợp nhất.,59,13,11,,
'-1001352189631,Render Network Unofficial Chat | $RENDER,supergroup,'@RenderNetworkUnofficial,Đã học,Đã có nội dung trong kho kiến thức hợp nhất.,1015,1014,937,,
'-1001206212318,Rich Kid Trading,channel,'@Richkidtradings,Đã học,Đã có nội dung trong kho kiến thức hợp nhất.,1010,1005,803,,
'-1001225717417,Rikkei Finance Việt Nam 🇻🇳,supergroup,'@rikkeifinancevn,Đã học,Đã có nội dung trong kho kiến thức hợp nhất.,1000,992,966,,
'-4079656169,RockTree Capital & Coin68,group,,Chưa học,Nguồn chưa được chọn vào flow học.,0,0,0,,
'-1001127985395,Rose 🌹,channel,,Đã học,Đã có nội dung trong kho kiến thức hợp nhất.,1002,1002,953,,
'-1001396442011,Săn Gem,channel,'@SanGem_net,Đã học,Đã có nội dung trong kho kiến thức hợp nhất.,1000,991,895,,
'-4750842057,Săn Gem - GM VTW,group,,Chưa học,Nguồn chưa được chọn vào flow học.,0,0,0,,
'-1001419836939,Saros - Chat,supergroup,'@SarosFinance,Đã học,Đã có nội dung trong kho kiến thức hợp nhất.,1015,1015,959,,
'-1002061763654,SD Capital (Full Signal),supergroup,,Đã học,Đã có nội dung trong kho kiến thức hợp nhất.,1329,1327,905,,
'-4000570969,SD Capital (Full Signal),group,,Chưa học,Nguồn chưa được chọn vào flow học.,0,0,0,,
'-5279122027,SD Capital 2,group,,Đã học,Đã có nội dung trong kho kiến thức hợp nhất.,18,11,8,,
'-1001854956907,SeaFi Global,supergroup,'@seafi_global,Đã học,Đã có nội dung trong kho kiến thức hợp nhất.,1000,999,972,,
'-1002125667514,Seapad VIP Kols,supergroup,,Chưa học,Nguồn chưa được chọn vào flow học.,0,0,0,,
'-1002315469659,SENI X KYROS EVENT,supergroup,,Chưa học,Nguồn chưa được chọn vào flow học.,0,0,0,,
'-1002085024271,Seni X Kyros Ticket Operation,supergroup,,Chưa học,Nguồn chưa được chọn vào flow học.,0,0,0,,
'-1001493233017,SEO Documents,channel,,Chưa học,Nguồn chưa được chọn vào flow học.,0,0,0,,
'-1001243152208,Shitcoin Alert,supergroup,,Chưa học,Nguồn chưa được chọn vào flow học.,0,0,0,,
'-1001852073808,Signal đẹp,supergroup,,Chưa học,Nguồn chưa được chọn vào flow học.,0,0,0,,
'-4629848067,Solayer - Thuyền Brian,group,,Chưa học,Nguồn chưa được chọn vào flow học.,0,0,0,,
'-1002641836395,Sonic // GM Vietnam,supergroup,,Chưa học,Nguồn chưa được chọn vào flow học.,0,0,0,,
'-4786368453,Souvenir Booth - App đổi quà,group,,Chưa học,Nguồn chưa được chọn vào flow học.,0,0,0,,
'-1001443074421,SpaceGate Cross-chain Bridge,channel,'@spacegatehq,Chưa học,Nguồn chưa được chọn vào flow học.,0,0,0,,
'-1002407514950,Speakership Gang - Vietnam Tech Week 2025,supergroup,,Chưa học,Nguồn chưa được chọn vào flow học.,0,0,0,,
'-4747895344,Speakership Gang - Vietnam Tech Week 2025,group,,Chưa học,Nguồn chưa được chọn vào flow học.,0,0,0,,
'-1002100246385,Spores Vietnamese KOLs (Allocation),supergroup,,Chưa học,Nguồn chưa được chọn vào flow học.,0,0,0,,
'-1001676628452,Sprint Accelerator Channel,channel,'@SprintAccelerator,Chưa học,Nguồn chưa được chọn vào flow học.,0,0,0,,
'-1002147244869,Stellar Forger Alpha Squad,supergroup,,Chưa học,Nguồn chưa được chọn vào flow học.,0,0,0,,
'-4538778336,Stellar Forger Alpha Squad,group,,Chưa học,Nguồn chưa được chọn vào flow học.,0,0,0,,
'-675522623,Superteam <> Coin68,group,,Đã học,Đã có nội dung trong kho kiến thức hợp nhất.,741,729,686,,
'-4897989201,Support GM,group,,Chưa học,Nguồn chưa được chọn vào flow học.,0,0,0,,
'-5100722901,Tân gia 10/3 Đảo Kim Cương,group,,Đã học,Đã có nội dung trong kho kiến thức hợp nhất.,11,9,8,,
'-1003707623167,Tân gia ngày 1/3 Đảo Kim Cương,supergroup,,Đã học,Đã có nội dung trong kho kiến thức hợp nhất.,212,204,186,,
'-5045443245,Task Síp Không Síp,group,,Chưa học,Nguồn chưa được chọn vào flow học.,0,0,0,,
'-4902100891,Task síp Zane,group,,Chưa học,Nguồn chưa được chọn vào flow học.,0,0,0,,
'-4878649302,Task Síp Zane KHÔNG Jenny,group,,Chưa học,Nguồn chưa được chọn vào flow học.,0,0,0,,
'-4512459808,Team 1 x Team 2 (Mentor + Thí sinh),group,,Chưa học,Nguồn chưa được chọn vào flow học.,0,0,0,,
'-4586039809,Team 2 - Member Applicants,group,,Chưa học,Nguồn chưa được chọn vào flow học.,0,0,0,,
'-1002160853234,TEAM CHECKIN - GM VIETNAM 7-8 JUNE,supergroup,,Chưa học,Nguồn chưa được chọn vào flow học.,0,0,0,,
'-1001710563920,Team FUKET [ Channel ],channel,'@fuketteam,Đã học,Đã có nội dung trong kho kiến thức hợp nhất.,133,126,121,,
'-1002475772410,test,supergroup,,Chưa học,Nguồn chưa được chọn vào flow học.,0,0,0,,
'-4841160042,test,group,,Chưa học,Nguồn chưa được chọn vào flow học.,0,0,0,,
'-1001750458508,Test content,channel,'@DoMarrRektInDeFi,Chưa học,Nguồn chưa được chọn vào flow học.,0,0,0,,
'-4006978081,Test Message to 68 Trading Chat Bot,group,,Đã học,Đã có nội dung trong kho kiến thức hợp nhất.,264,254,231,,
'-4051776153,Text AMA,group,,Chưa học,Nguồn chưa được chọn vào flow học.,0,0,0,,
'-1002114636421,TH Growth,supergroup,,Chưa học,Nguồn chưa được chọn vào flow học.,0,0,0,,
'-4276693587,TH true milk,group,,Chưa học,Nguồn chưa được chọn vào flow học.,0,0,0,,
'-1001473017694,The DataFi - Channel,channel,'@thedatafivietnam,Đã học,Đã có nội dung trong kho kiến thức hợp nhất.,1000,986,727,,
'-1001170097705,ThuanCapital,channel,'@ThuanCapital,Đã học,Đã có nội dung trong kho kiến thức hợp nhất.,1020,1019,944,,
'-1003776656605,Tiểu Tân Army,supergroup,,Đã học,Đã có nội dung trong kho kiến thức hợp nhất.,67,54,54,,
'-5277432694,Tiểu Tân Trade Stat,group,,Đã học,Đã có nội dung trong kho kiến thức hợp nhất.,3,1,1,,
'-4723581078,Timeswap - Mason boat,group,,Chưa học,Nguồn chưa được chọn vào flow học.,0,0,0,,
'-1001628847222,TokenScan Ecosystem,channel,'@TokenScanHub,Đã học,Đã có nội dung trong kho kiến thức hợp nhất.,10,9,9,,
'-1001420702892,Trade Coin Chiến Lược,channel,'@TradeCoinChienLuoc,Đã học,Đã có nội dung trong kho kiến thức hợp nhất.,1020,1020,784,,
'-1001349387323,Trade Coin Underground,channel,'@tradecoinundergroundchannel,Đã học,Đã có nội dung trong kho kiến thức hợp nhất.,1000,991,895,,
'-1001163793012,TradeCoinVN | News,channel,'@vietnamtradecoinchannel,Đã học,Đã có nội dung trong kho kiến thức hợp nhất.,1012,1003,896,,
'-1001890063510,TradingStats,channel,,Chưa học,Nguồn chưa được chọn vào flow học.,0,0,0,,
'-1001724615210,TradingStats Chat,supergroup,,Chưa học,Nguồn chưa được chọn vào flow học.,0,0,0,,
'-1002087261595,TRẠM Crypto | Channel,channel,'@tramcrypto,Đã học,Đã có nội dung trong kho kiến thức hợp nhất.,1032,1032,879,,
'-994107184,Translate,group,,Chưa học,Nguồn chưa được chọn vào flow học.,0,0,0,,
'-1001917135612,Trung cấp nghề trade Coin68,supergroup,,Đã học,Đã có nội dung trong kho kiến thức hợp nhất.,1000,999,925,,
'-631967035,TRUNG THU ĐẦU TIÊN - Mái Ấm Thiên Bình,group,,Chưa học,Nguồn chưa được chọn vào flow học.,0,0,0,,
'-1001678048545,Trường trung cấp nghề Trade Coin68,channel,,Đã học,Đã có nội dung trong kho kiến thức hợp nhất.,1000,994,908,,
'-1001218503904,Upside,channel,'@Coin98Insights,Đã học,Đã có nội dung trong kho kiến thức hợp nhất.,1001,1001,825,,
'-1001345645558,Upside - Chat,supergroup,'@Coin98Insights_Chat,Đã học,Đã có nội dung trong kho kiến thức hợp nhất.,1025,1025,738,,
'-4221162858,Vé GMVN,group,,Chưa học,Nguồn chưa được chọn vào flow học.,0,0,0,,
'-1001501284885,Vé vủng các kiểu - GM Vietnam Ticket,supergroup,,Chưa học,Nguồn chưa được chọn vào flow học.,0,0,0,,
'-1001550439264,VN Back Alpha | Onchain,channel,'@Vnback_Onchain,Đã học,Đã có nội dung trong kho kiến thức hợp nhất.,1002,996,847,,
'-4137038050,VN KOLs Pixelverse,group,,Chưa học,Nguồn chưa được chọn vào flow học.,0,0,0,,
'-820301112,Vùng đất của những nụ cười,group,,Chưa học,Nguồn chưa được chọn vào flow học.,0,0,0,,
'-1001511322840,Warena Official Announcement,channel,'@warenaOfficial,Chưa học,Nguồn chưa được chọn vào flow học.,0,0,0,,
'-1001942628825,Work at BWHW,supergroup,,Chưa học,Nguồn chưa được chọn vào flow học.,0,0,0,,
'-4104143915,Work at BWHW,group,,Chưa học,Nguồn chưa được chọn vào flow học.,0,0,0,,
'-594972918,X100,group,,Chưa học,Nguồn chưa được chọn vào flow học.,0,0,0,,
'-5042136723,X201 Labs,group,,Đã học,Đã có nội dung trong kho kiến thức hợp nhất.,808,799,737,,
'-1002138387892,Xai Việt Nam 🇻🇳,supergroup,'@xaivietnam,Chưa học,Nguồn chưa được chọn vào flow học.,0,0,0,,
'-4857502246,Xàm lông,group,,Chưa học,Nguồn chưa được chọn vào flow học.,0,0,0,,
'-1001819769581,XSS Labs Airdrop Channel,channel,'@xsslabsdottech,Đã học,Đã có nội dung trong kho kiến thức hợp nhất.,291,263,250,,
'-1001408717617,ZKsync ∎,channel,'@zksync,Chưa học,Nguồn chưa được chọn vào flow học.,0,0,0,,
'-1001173772321,zkSync community,supergroup,'@zksync_community,Chưa học,Nguồn chưa được chọn vào flow học.,0,0,0,,
'-1001279597711,方程式新闻 BWEnews,channel,'@BWEnews,Đã học,Đã có nội dung trong kho kiến thức hợp nhất.,1006,1006,999,,
'-1001217702004,🧧 Rose Premium Signal 🌹,channel,'@RoseSignalsPremium,Đã học,Đã có nội dung trong kho kiến thức hợp nhất.,1034,1034,879,,
